date;breaches;d95;d99;ret
2017-01-08;0.0;-0.0661497847505166;-0.0935569029372141;0.0119235
2017-01-15;0.0;-0.059379775998312415;-0.08398195036400696;0.014860993999999999
2017-01-22;0.0;-0.05711071778011309;-0.08077277802460182;-0.0173594
2017-01-29;0.0;-0.055844572794157644;-0.07898204500858019;-0.01132089
2017-02-05;0.0;-0.05397331849476625;-0.07633549434300697;-0.022386580000000003
2017-02-12;0.0;-0.05391615684541994;-0.07625464953149635;-0.02621378
2017-02-19;0.0;-0.05182199778111934;-0.07329284040312532;-0.02351466
2017-02-26;0.0;-0.0511656344658572;-0.07236453324068896;0.012387690000000002
2017-03-05;0.0;-0.05068423922865643;-0.07168368677004527;0.00812463
2017-03-12;0.0;-0.04803025770513487;-0.06793011005426726;-0.002700938
2017-03-19;0.0;-0.047309321782319703;-0.06691047662070204;0.01009087
2017-03-26;0.0;-0.04630707665547806;-0.06549298221153865;-0.03681395
2017-04-02;0.0;-0.04597812033569256;-0.06502773301085225;0.018576429999999998
2017-04-09;0.0;-0.04512330857029576;-0.06381875641831401;0.016227524000000004
2017-04-16;0.0;-0.045253301107612345;-0.0640026073445439;0.0020100499999999998
2017-04-23;0.4478585;-0.044845476994689014;-0.06342581391895492;-0.055034559999999996
2017-04-30;0.0;-0.04299010881956026;-0.06080173130208804;0.002119440000000002
2017-05-07;0.0;-0.04458366266282132;-0.06305552491307988;0.033995609999999996
2017-05-14;0.0;-0.043638331780355116;-0.061718525405855464;0.03808877
2017-05-21;0.0;-0.04426608036893537;-0.0626063622142786;0.01844579
2017-05-28;0.0;-0.04495776467046248;-0.06358462452163495;-0.023110986
2017-06-04;0.0;-0.04509033236329981;-0.06377211753946062;-0.02297395
2017-06-11;0.0;-0.045010888689660744;-0.06365975883577538;0.0013661800000000007
2017-06-18;0.0;-0.04473681543623258;-0.06327213180319512;-0.019993745999999996
2017-06-25;0.0;-0.04467014759379084;-0.0631778422013789;-0.02610375
2017-07-02;0.0;-0.044712940029136714;-0.06323836435931486;-0.01077985
2017-07-09;0.0;-0.04356407303957103;-0.061613499851653306;-0.017493079999999998
2017-07-16;0.0;-0.04363704038687697;-0.061716698963415105;0.036104939999999995
2017-07-23;0.0;-0.04341476440845365;-0.06140232980534369;-0.012848150000000001
2017-07-30;0.0;-0.04355362878862617;-0.061598728348229895;0.05927135
2017-08-06;0.0;-0.038529931352368714;-0.054493617194769944;0.0134501
2017-08-13;0.0;-0.04063384554300714;-0.05746922318448179;-0.01682142
2017-08-20;0.0;-0.04070523650797955;-0.05757019278862651;-0.0068965699999999994
2017-08-27;0.0;-0.040948954066677784;-0.05791488718285955;0.010327099999999999
2017-09-03;0.0;-0.04083775339876323;-0.057757613956138217;0.011576570000000001
2017-09-10;0.0;-0.040831715832753294;-0.05774907491131292;-0.0013549899999999986
2017-09-17;0.0;-0.04075132540399693;-0.05763537719379795;0.03595599
2017-09-24;0.0;-0.03928642689579273;-0.055563543278361674;0.01878902
2017-10-01;0.0;-0.03969357065429279;-0.05613937446570632;0.022216087
2017-10-08;0.0;-0.03877518304130737;-0.054840481338678485;-0.00440392
2017-10-15;0.0;-0.038757747010407566;-0.054815821227437674;0.010661750000000001
2017-10-22;0.0;-0.03874430688421723;-0.05479681260048302;0.017316476
2017-10-29;0.0;-0.03854071702265052;-0.05450887157407706;0.0030609199999999982
2017-11-05;0.0;-0.03863019774858628;-0.05463542587236686;0.021681078
2017-11-12;0.0;-0.0376414010210235;-0.0532369517909451;0.02271465
2017-11-19;0.0;-0.03722029219151753;-0.052641369537175395;-0.03121506
2017-11-26;0.0;-0.037324665933268455;-0.05278898731194236;0.01212135
2017-12-03;0.0;-0.03716889528266157;-0.05256867790815127;0.011380731000000002
2017-12-10;0.0;-0.036704855182841084;-0.0519123771395;-0.006573049999999999
2017-12-17;0.0;-0.03625024937717516;-0.05126941947311017;0.015467310000000001
2017-12-24;0.0;-0.03587805836521871;-0.05074302262222032;0.032523180000000006
2017-12-31;0.0;-0.036002690286419774;-0.05091929192677911;0.0011421799999999996
2018-01-07;0.0;-0.036668373798620084;-0.05186078082160642;0.039725511
2018-01-14;0.0;-0.036608540716872175;-0.05177615775227013;0.01955521
2018-01-21;0.0;-0.03749385351110545;-0.05302827253195593;-0.021476964
2018-01-28;0.0;-0.037364653241837055;-0.05284554212554579;0.018244200000000002
2018-02-04;0.4478585;-0.03766029049350414;-0.05326366753235033;-0.038789130000000005
2018-02-11;0.0;-0.03729946222470788;-0.052753341225952016;-0.022191719999999998
2018-02-18;0.0;-0.03796589086517344;-0.05369588396990447;0.016372562
2018-02-25;0.0;-0.037914762770396224;-0.053623572529761805;0.030581719999999996
2018-03-04;0.0;-0.03797206447311167;-0.05370461542142509;-0.03400638
2018-03-11;0.0;-0.03844268343939001;-0.054370220806455025;0.019253129999999997
2018-03-18;0.0;-0.03943554664746955;-0.055774446188874026;0.00140114
2018-03-25;0.0;-0.039566326383899335;-0.05595941046583216;0.017763430000000004
2018-04-01;0.0;-0.03837654323877586;-0.054276677458544774;0.015830030000000002
2018-04-08;0.0;-0.03836153876910026;-0.054255456350745884;0.03328762
2018-04-15;0.0;-0.03835539467817662;-0.054246766645702264;0.041052450000000004
2018-04-22;0.0;-0.038893248964889056;-0.05500746422750244;-0.0010060199999999998
2018-04-29;0.0;-0.03702860311222976;-0.052370260014254225;0.03462263
2018-05-06;0.0;-0.03706045816842835;-0.052415313228139526;0.0014573670000000002
2018-05-13;0.0;-0.03708498466364389;-0.05245000151837243;0.05063783
2018-05-20;0.0;-0.03640441223169171;-0.05148745494020845;0.029019601
2018-05-27;0.4478585;-0.03769401694182235;-0.05331136749182298;-0.07362122
2018-06-03;0.0;-0.03731905009772472;-0.05278104472856346;0.04936922
2018-06-10;0.0;-0.041243628114501385;-0.058331650312087015;0.0036985200000000003
2018-06-17;0.0;-0.042327680962901855;-0.05986484694302271;-0.002310069999999999
2018-06-24;0.0;-0.04181639238887937;-0.059141721755644756;-0.008826999999999998
2018-07-01;0.0;-0.041092617112092146;-0.05811807256957226;0.00975162
2018-07-08;0.0;-0.041043335603660955;-0.05804837279173798;0.0013852989999999978
2018-07-15;0.0;-0.040555297043794736;-0.05735813054307117;0.0068982
2018-07-22;0.0;-0.04012765674785471;-0.05675331071168103;-0.0250593
2018-07-29;0.0;-0.039796360842008126;-0.05628475258978111;0.0018779799999999996
2018-08-05;0.0;-0.038830218445796205;-0.054918318961511135;0.01212139
2018-08-12;0.0;-0.038833091577803965;-0.05492238248693892;-0.0037140149999999985
2018-08-19;0.0;-0.03841290224348337;-0.05432810069275701;-0.013108847999999998
2018-08-26;0.0;-0.038351735823369905;-0.05424159185752564;0.0234894
2018-09-02;0.0;-0.038665235815556344;-0.054684980879129;-0.0009293689999999993
2018-09-09;0.0;-0.0388235766027318;-0.05490892527611602;-0.027334382000000004
2018-09-16;0.0;-0.038818071724630615;-0.054901139621965585;0.034745219
2018-09-23;0.0;-0.03910022642381846;-0.055300196397505434;-5.99999999944395e-09
2018-09-30;0.0;-0.039533076300857374;-0.0559123842388604;0.05738922
2018-10-07;0.0;-0.03940781190559479;-0.05573522041416664;-0.005242490000000001
2018-10-14;0.0;-0.0409971671708253;-0.05798307589612662;-0.03249792
2018-10-21;0.0;-0.041104574738199;-0.058134984468367665;0.009457370000000001
2018-10-28;0.4478585;-0.04206259853238613;-0.05948993580286322;-0.049619821
2018-11-04;0.0;-0.04205845161843128;-0.05948407074331956;-0.0047215
2018-11-11;0.0;-0.043863211312032434;-0.062036576818978714;-0.014779750000000001
2018-11-18;0.0;-0.043733123530747285;-0.061852591187386514;0.002398540000000001
2018-11-25;0.4478585;-0.043158982298249264;-0.06104057228568253;-0.06347311
2018-12-02;0.0;-0.04313284827843659;-0.061003610442734814;0.0329561
2018-12-09;0.0;-0.04589303180298895;-0.06490739067526875;0.0004984999999999989
2018-12-16;0.0;-0.04632215910320825;-0.06551431360518824;-0.03165226
2018-12-23;0.4478585;-0.04625564979387993;-0.06542024821977967;-0.05826375
2018-12-30;0.0;-0.04647812991925034;-0.06573490610677418;0.002179199999999999
2019-01-06;0.0;-0.04855865132468564;-0.06867742723395874;0.04261629
2019-01-13;0.0;-0.04772694240527618;-0.06750112543738186;-0.00208821
2019-01-20;0.0;-0.04850455513001017;-0.06860091795348845;0.01143175
2019-01-27;0.0;-0.0482160051990812;-0.06819281627965422;-0.01956504
2019-02-03;0.0;-0.04811500744346763;-0.06804997322650669;0.018789700000000003
2019-02-10;0.0;-0.0474413737777811;-0.06709724027788765;-0.002070439999999998
2019-02-17;0.0;-0.04725148088003707;-0.0668286711288011;0.037126069
2019-02-24;0.0;-0.04715471983588708;-0.06669182013752749;-0.009948235000000001
2019-03-03;0.0;-0.047389911192156756;-0.06702445576095667;-0.024488913
2019-03-10;0.0;-0.046705494855595324;-0.06605647267514894;-0.01154871
2019-03-17;0.0;-0.04696740287057964;-0.06642689417884363;0.015975190000000004
2019-03-24;0.0;-0.04707295435169385;-0.0665761776528674;0.005441120000000001
2019-03-31;0.0;-0.04704210019559063;-0.06653254003108759;-0.02432447
2019-04-07;0.0;-0.046935738189338556;-0.06638211021589374;0.01862348
2019-04-14;0.0;-0.04670915279866257;-0.06606164617383505;0.023627219999999997
2019-04-21;0.0;-0.045935084528341844;-0.06496686664724545;0.0070814
2019-04-28;0.0;-0.046253042319192396;-0.06541656041856954;-0.02062447
2019-05-05;0.0;-0.045585611121986606;-0.06447259973948716;-0.01529521
2019-05-12;0.0;-0.04583091480798686;-0.06481953742383219;-0.044879324
2019-05-19;0.0;-0.04434860517952558;-0.0627230786287525;0.017756920000000002
2019-05-26;0.4478585;-0.04484144817465957;-0.06342011588190359;-0.06453857
2019-06-02;0.0;-0.04191542036659795;-0.05928177891432528;-0.028220602
2019-06-09;0.0;-0.04265901676647929;-0.06033346149304475;0.01714495
2019-06-16;0.0;-0.042995693416933156;-0.06080962970472578;-0.003817329999999999
2019-06-23;0.0;-0.04327519036062613;-0.06120492756595015;0.01547246
2019-06-30;0.0;-0.04325935765832904;-0.06118253507294917;-0.02433773
2019-07-07;0.0;-0.04337585564382961;-0.061347300397023366;0.007982319999999998
2019-07-14;0.0;-0.04361874026802498;-0.061690816756093766;0.012873210000000001
2019-07-21;0.4478585;-0.04363429497113492;-0.061712816069539184;-0.05928107
2019-07-28;0.0;-0.04352370325436929;-0.06155640409404866;-0.012102540000000002
2019-08-04;0.0;-0.04536503432487537;-0.06416063376597163;-0.0326856
2019-08-11;0.0;-0.04522557281482372;-0.06396339069090211;-0.03445785
2019-08-18;0.0;-0.04566946090761601;-0.06459119009144405;-0.01581726
2019-08-25;0.0;-0.04612149003944291;-0.06523050351885158;0.04436392
2019-09-01;0.0;-0.04564610627361369;-0.06455815918688813;0.026668180000000003
2019-09-08;0.0;-0.04712957770935961;-0.06665626114818177;0.04793397300000002
2019-09-15;0.0;-0.04744190428386495;-0.06709799058276592;0.06541759999999999
2019-09-22;0.0;-0.048129903574928926;-0.06807104110950163;0.035190030000000004
2019-09-29;0.0;-0.050755024452372954;-0.07178379966277217;-0.03605013
2019-10-06;0.0;-0.049561823460954474;-0.07009623273024553;-0.04097732
2019-10-13;0.0;-0.050116812784052944;-0.07088116472100169;0.020405799999999998
2019-10-20;0.0;-0.050411645643169196;-0.071298152460071;-0.0224995
2019-10-27;0.0;-0.050638489461654404;-0.07161898200151198;0.048504966
2019-11-03;0.0;-0.0497019413115822;-0.07029440408031704;-0.010033090000000001
2019-11-10;0.0;-0.05113831794304757;-0.07232589896118645;0.02868302
2019-11-17;0.0;-0.05108947006544926;-0.07225681247571428;-0.006178002000000002
2019-11-24;0.0;-0.05158598519683822;-0.07295904330124772;0.004987809999999999
2019-12-01;0.0;-0.049546535439404786;-0.07007461058961997;-0.035862700000000004
2019-12-08;0.0;-0.048924211264730566;-0.06919444563330054;0.0011771930000000035
2019-12-15;0.0;-0.04955464432051962;-0.07008607913492591;-0.0011771809999999994
2019-12-22;0.0;-0.049075624212889774;-0.06940859185535998;0.02615672
2019-12-29;0.0;-0.04723706257881862;-0.06680827905023726;0.01140917
2020-01-05;0.0;-0.047631791163695765;-0.06736655122060295;0.02603365
2020-01-12;0.0;-0.04665221550018547;-0.06598111866604013;0.0071586700000000015
2020-01-19;0.0;-0.04705290596258413;-0.06654782283355756;-0.002747249999999998
2020-01-26;0.0;-0.04700656434975364;-0.06648228100617463;-0.010786979999999998
2020-02-02;0.4478585;-0.04679023593941917;-0.06617632360715126;-0.072953606
2020-02-09;0.0;-0.04664862006240855;-0.06597603356977896;-0.041220940000000005
2020-02-16;0.0;-0.04955077273551738;-0.07008060347837415;0.0024906100000000007
2020-02-23;0.0;-0.04950513313462888;-0.07001605451987757;0.0007081929999999993
2020-03-01;0.4478585;-0.0494983070891277;-0.0700064003134609;-0.1152232
2020-03-08;0.0;-0.049248875807093605;-0.06965362489127654;-0.02727111
2020-03-15;0.4478585;-0.05564112790992853;-0.07869430902638945;-0.284172
2020-03-22;0.0;-0.05566553096437557;-0.07872882273198781;0.0771758
2020-03-29;0.0;-0.08488575993492452;-0.12005555018712846;0.0334391
2020-04-05;0.0;-0.08722175970337825;-0.12335939923853259;0.1636865
2020-04-12;0.0;-0.08754347136997104;-0.12381440218795571;-0.0022066959999999997
2020-04-19;0.0;-0.09590302070167152;-0.13563747233662535;-0.0471163
2020-04-26;0.0;-0.09585756516549829;-0.13557318370436816;0.02628229
2020-05-03;0.0;-0.09626473580885121;-0.13614905291547327;0.07563743
2020-05-10;0.0;-0.09654316651240377;-0.13654284277291953;-0.019001299999999995
2020-05-17;0.0;-0.09789992919343286;-0.13846173812437995;0.008609230000000002
2020-05-24;0.0;-0.09783073120832915;-0.1383638700935131;0.048037300000000005
2020-05-31;0.0;-0.09684282234929155;-0.13696665174149006;-0.034125970000000005
2020-06-07;0.0;-0.0973576096632185;-0.13769472526348286;0.0819211
2020-06-14;0.0;-0.09754351404132636;-0.13795765337313334;-0.06158385
2020-06-21;0.0;-0.09945926407786364;-0.14066713520888313;-0.0168012
2020-06-28;0.0;-0.10035731119736967;-0.14193726038781673;-0.017806789999999996
2020-07-05;0.0;-0.10028271506602046;-0.14183175765569978;-0.011928630000000006
2020-07-12;0.0;-0.10031769672775766;-0.14188123288746465;0.00326741
2020-07-19;0.0;-0.10027265376289185;-0.14181752776268083;0.02293187
2020-07-26;0.0;-0.09940879244843519;-0.1405957522202108;0.02345639
2020-08-02;0.0;-0.09954184759233767;-0.14078393464938016;-0.07320342
2020-08-09;0.0;-0.09942148974097546;-0.1406137102433584;0.06556187200000001
2020-08-16;0.0;-0.1005397566883015;-0.14219529652732674;0.021385639999999997
2020-08-23;0.0;-0.10162696009496726;-0.14373294905294048;-0.02185685
2020-08-30;0.0;-0.10122994022279437;-0.1431714362712268;0.0014020900000000017
2020-09-06;0.0;-0.10116198906408634;-0.14307533165072508;-0.02842111
2020-09-13;0.0;-0.10051745725267673;-0.14216375800997302;0.01891897
2020-09-20;0.0;-0.09944997560369308;-0.14065399834260778;0.02134057
2020-09-27;0.0;-0.09917820965039735;-0.14026963456863603;-0.041702159999999995
2020-10-04;0.0;-0.09904795688635229;-0.14008541559877805;-0.069482792
2020-10-11;0.0;-0.09906327946358813;-0.14010708661216997;0.0498029
2020-10-18;0.0;-0.10008944577324584;-0.14155841320668827;-0.014831670000000002
2020-10-25;0.0;-0.10076552753255345;-0.14251460854083361;-0.01657282
2020-11-01;0.0;-0.10006751594943591;-0.14152739743837772;-0.0822924
2020-11-08;0.0;-0.10009934797133756;-0.14157241807441726;0.021620189999999997
2020-11-15;0.0;-0.10137219641685995;-0.1433726319212294;0.087029752
2020-11-22;0.0;-0.10157955236341823;-0.14366589939350874;0.020626822000000003
2020-11-29;0.0;-0.10379302490413009;-0.14679645584847817;0.0683366
2020-12-06;0.0;-0.10368148756357266;-0.14663870645921318;0.009488311
2020-12-13;0.0;-0.10498339342656818;-0.14848001676607264;0.0020215500000000004
2020-12-20;0.0;-0.10501644286181855;-0.1485267592130437;-0.017314987
2020-12-27;0.0;-0.10481630042414547;-0.14824369394403916;-0.027075560000000005
2021-01-03;0.0;-0.1048229025307678;-0.14825303142942595;0.02192539
2021-01-10;0.0;-0.104746412376593;-0.14814484994468227;0.07204044000000001
2021-01-17;0.0;-0.10488536857327131;-0.14834137834540478;0.056054480000000004
2021-01-24;0.0;-0.10632066634774885;-0.150371347378248;-0.012801070000000001
2021-01-31;0.0;-0.10713578785904412;-0.1515241892869844;-0.0512933
2021-02-07;0.0;-0.10583047017603894;-0.14967805357797606;0.009320354
2021-02-14;0.0;-0.10607005275094569;-0.15001689978572316;-0.028432294
2021-02-21;0.0;-0.10608963395953575;-0.1500445938627086;0.005613340000000002
2021-02-28;0.0;-0.10629644796237847;-0.1503370948536489;0.0723896
2021-03-07;0.0;-0.10280866729138494;-0.1454042600918565;0.06204696
2021-03-14;0.0;-0.10382297052659427;-0.14683880851379436;0.006884629999999999
2021-03-21;0.0;-0.07960480894212021;-0.11258660041936497;-0.04084573
2021-03-28;0.0;-0.07806931536833608;-0.11041492255548323;-0.001490059999999998
2021-04-04;0.0;-0.07870973536580617;-0.11132068077931315;-0.00208986
2021-04-11;0.0;-0.06971818307972996;-0.09860375679148796;-0.03280971
2021-04-18;0.0;-0.06971755117937051;-0.09860286308275076;0.022233899999999997
2021-04-25;0.0;-0.06921691298983074;-0.09789480093739256;-0.0029038200000000014
2021-05-02;0.0;-0.06915613356707238;-0.09780883943990577;0.02654385
2021-05-09;0.0;-0.06715357234573194;-0.094976578888834;0.05005351
2021-05-16;0.0;-0.06714778810468505;-0.09496839812633825;0.008779529999999999
2021-05-23;0.0;-0.06796274612849353;-0.09612100881160217;0.002792771999999999
2021-05-30;0.0;-0.06722088119590894;-0.09507177508012282;0.01329804
2021-06-06;0.0;-0.066610460331225;-0.0942084452022786;0.05034072
2021-06-13;0.0;-0.06416052233494118;-0.0907434511409226;-0.006616659999999999
2021-06-20;0.4478585;-0.0631601298856401;-0.08932857700896026;-0.08944750000000001
2021-06-27;0.0;-0.06300462722247081;-0.08910864662491629;0.0643728
2021-07-04;0.0;-0.06654255740246531;-0.09411240879431322;-0.0036804440000000015
2021-07-11;0.0;-0.06781401912593775;-0.0959106613736667;-0.037344143999999996
2021-07-18;0.0;-0.0678496055576035;-0.09596099194308261;-0.024155152999999995
2021-07-25;0.0;-0.06846030200662057;-0.09682471158510829;-0.004971450000000002
2021-08-01;0.0;-0.0686424543616839;-0.09708233313696545;-0.0006957100000000004
2021-08-08;0.0;-0.06624541728908023;-0.09369215786150117;0.044350879999999995
2021-08-15;0.0;-0.06472812889455304;-0.09154622793005973;0.041853745
2021-08-22;0.0;-0.06527439120947601;-0.09231881714661205;-0.037567210000000004
2021-08-29;0.0;-0.0655302615734708;-0.0926806994852932;0.05267228
2021-09-05;0.0;-0.06628116760527976;-0.0937427202159407;0.02533104
2021-09-12;0.0;-0.06669864103165792;-0.09433316084969079;0.017043839999999998
2021-09-19;0.0;-0.0667790526626474;-0.09444688855392867;0.020334302000000002
2021-09-26;0.0;-0.06673547014684177;-0.09438524897012103;0.022792351000000002
2021-10-03;0.0;-0.06582747856642138;-0.09310105915034185;0.09140352
2021-10-10;0.0;-0.06334567725057069;-0.0895910001880611;-0.005766310000000004
2021-10-17;0.0;-0.06546144997247795;-0.09258337792484786;0.01829252
2021-10-24;0.0;-0.06530490676912745;-0.09236197588496853;0.0076145499999999994
2021-10-31;0.4478585;-0.06501138646735415;-0.09194684452079743;-0.0763111
2021-11-07;0.0;-0.061190459180972365;-0.08654283414328245;0.05550663
2021-11-14;0.0;-0.06451953744492002;-0.09125121306220414;-0.010560308000000003
2021-11-21;0.0;-0.06290256231932861;-0.08896429428465417;-0.0072316700000000025
2021-11-28;0.0;-0.06304257465689034;-0.08916231640558288;-0.0024981100000000048
2021-12-05;0.0;-0.061642804501056865;-0.08718259476177666;0.04924482
2021-12-12;0.0;-0.061693896450401305;-0.08725485508074396;0.0075472609999999996
2021-12-19;0.0;-0.06239137478052979;-0.08824131199332115;0.01429046
2021-12-26;0.0;-0.062082503744458596;-0.08780446979268794;0.029525837999999995
2022-01-02;0.0;-0.061486658814628795;-0.0869617549376667;-0.031009495
2022-01-09;0.0;-0.06158818436664405;-0.08710534446333729;0.03439636
2022-01-16;0.0;-0.06059172934381636;-0.08569603910877585;0.04722759
2022-01-23;0.0;-0.05987476243769194;-0.08468201913125879;-0.034400400000000005
2022-01-30;0.0;-0.060332026948937224;-0.08532873705568671;0.0054474970000000025
2022-02-06;0.0;-0.05953354042064647;-0.08419942232086608;0.0452387
2022-02-13;0.0;-0.059541460397006016;-0.08421062369457168;0.062015520000000005
2022-02-20;0.0;-0.059413102802102276;-0.08402908509859658;-0.024847099999999997
2022-02-27;0.0;-0.06054380118687473;-0.08562825340177985;0.02010950000000001
2022-03-06;0.0;-0.059440654401576254;-0.08406805185151155;0.08655470000000001
2022-03-13;0.0;-0.058235420364611254;-0.08236346635303674;-0.040507999999999995
2022-03-20;0.0;-0.06087897376384054;-0.08610229437362384;0.048183619999999996
2022-03-27;0.0;-0.06086346433149554;-0.08608035908748518;0.07737962
2022-04-03;0.0;-0.061385585102048584;-0.08681880445713173;0.014509599999999997
2022-04-10;0.0;-0.06310613790105628;-0.08925221511481128;0.023823147000000003
2022-04-17;0.0;-0.0621604643107673;-0.08791473090937309;0.014040719999999996
2022-04-24;0.0;-0.06217231449137984;-0.08793149084595545;-0.04471062
2022-05-01;0.0;-0.06203833320218205;-0.08774199855182091;-0.01989115
2022-05-08;0.0;-0.06346349489578004;-0.08975763193204506;0.048931079999999995
2022-05-15;0.0;-0.06332294005018971;-0.08955884253165858;-0.0038070099999999996
2022-05-22;0.0;-0.06388384791794605;-0.09035214523307046;0.013910890000000004
2022-05-29;0.0;-0.06395799122519628;-0.09045700752742283;0.04686433
2022-06-05;0.0;-0.06395845753868783;-0.09045766704349278;-0.01370075
2022-06-12;0.0;-0.06385270836050726;-0.09030810396273532;0.009296998999999997
2022-06-19;0.0;-0.06398903079306754;-0.09050090738060447;-0.0017098100000000037
2022-06-26;0.4478585;-0.0593495803079535;-0.08393924402289511;-0.07813111
2022-07-03;0.0;-0.05828327454852013;-0.08243114743856086;0.0175779
2022-07-10;0.0;-0.06185912771935654;-0.08748854481760612;0.014291300000000003
2022-07-17;0.0;-0.06078780797920942;-0.0859733568646645;-0.024494699999999998
2022-07-24;0.0;-0.06016619726055798;-0.08509420096281327;0.04854957
2022-07-31;0.0;-0.060656833181900044;-0.08578811670938191;0.07335783700000001
2022-08-07;0.0;-0.06110814841679439;-0.08642642045873412;-0.03952428
2022-08-14;0.0;-0.062239946051174076;-0.08802714345161433;0.024536789999999996
2022-08-21;0.0;-0.06313237602680705;-0.08928932419677393;0.047098039999999994
2022-08-28;0.0;-0.06204807559457838;-0.08775577740330529;0.07992982
2022-09-04;0.4478585;-0.061874527994102;-0.08751032572006864;-0.067077759
2022-09-11;0.4478585;-0.06365917725881451;-0.0900343892323747;-0.06415239
2022-09-18;0.0;-0.06641963008350038;-0.09393855034122665;0.0026634
2022-09-25;0.0;-0.06876533587144198;-0.09725612680121658;-0.05451847
2022-10-02;0.0;-0.06874979634330333;-0.09723414895002264;0.05717486
2022-10-09;0.0;-0.06778708845639428;-0.09587257281380192;0.06198711
2022-10-16;0.0;-0.06860606254087823;-0.09703086349031935;-0.045233499999999996
2022-10-23;0.0;-0.06962510265675252;-0.09847211137297755;0.0006863540000000001
2022-10-30;0.0;-0.07080902963633069;-0.10014656189357853;0.03492099
2022-11-06;0.0;-0.06790698772380041;-0.09604214863578327;0.04000012
2022-11-13;0.4478585;-0.06734426843497698;-0.09524628400698809;-0.09822947
2022-11-20;0.0;-0.06748124240815045;-0.09544000891118007;-0.02379861
2022-11-27;0.0;-0.07197794461382111;-0.10179978065314632;0.06758089
2022-12-04;0.0;-0.07234524059448721;-0.10231925436786826;-0.0005457899999999974
2022-12-11;0.0;-0.07300864947905404;-0.10325752621342586;-0.02236115
2022-12-18;0.0;-0.07304713612421312;-0.10331195861013141;-0.002095999999999997
2022-12-25;0.0;-0.07341316713143145;-0.10382964324876613;0.01815836
2023-01-01;0.0;-0.07329877355150098;-0.103667854225649;-0.034090999999999996
2023-01-08;0.4478585;-0.072737349225125;-0.10287382108695554;-0.08990977
2023-01-15;0.0;-0.07317626092017776;-0.10349458227320776;-0.01845418
2023-01-22;0.0;-0.07597419966290218;-0.10745176043130139;-0.006013889999999999
2023-01-29;0.0;-0.07560970259051042;-0.10693624526596461;-0.010323620000000002
2023-02-05;0.0;-0.07565821647849358;-0.10700485938355041;-0.012263989999999999
2023-02-12;0.0;-0.07516059167421583;-0.10630105912647399;0.09974205
2023-02-19;0.0;-0.07401969694514049;-0.10468746993896197;-0.04081568
2023-02-26;0.0;-0.07698862133025026;-0.10888647635407317;0.013429342
2023-03-05;0.0;-0.07763565148201186;-0.10980158344526196;-0.005131749999999999
2023-03-12;0.0;-0.07522910594600228;-0.10639796016854865;-0.014289349
2023-03-19;0.4478585;-0.07456571456680598;-0.10545971308117066;-0.08547425
2023-03-26;0.0;-0.07392479578023958;-0.10455324941040323;-0.031320879999999995
2023-04-02;0.0;-0.07448399685228278;-0.1053441381580665;0.06001804
2023-04-09;0.0;-0.07471740207783317;-0.10567424762273389;0.02062614
2023-04-16;0.0;-0.0758464833264084;-0.10727112877933292;0.0067818800000000005
2023-04-23;0.0;-0.0759328477429871;-0.10739327562182917;-0.01410559
2023-04-30;0.0;-0.07525189178008412;-0.10643018660852238;0.007569489999999998
2023-05-07;0.0;-0.07518084444421981;-0.10632970300558287;0.01787212
2023-05-14;0.0;-0.07432673549336019;-0.10512172041705667;-0.006093480000000002
2023-05-21;0.0;-0.07444505581543914;-0.10528906310653012;-0.001159040000000001
2023-05-28;0.0;-0.07438159618491369;-0.10519931094005078;-0.023128169999999997
2023-06-04;0.0;-0.07353929484407541;-0.10400802807970742;-0.0005087580999999994
2023-06-11;0.0;-0.07365525885105699;-0.10417203818777208;0.06215013
2023-06-18;0.0;-0.0736101009871149;-0.104108170559032;0.022072530000000003
2023-06-25;0.0;-0.07507715007782235;-0.10618304608434312;-0.038466219999999995
2023-07-02;0.0;-0.07300506898147607;-0.10325246224737318;0.011439769
2023-07-09;0.0;-0.07346648306249519;-0.10390504898752022;-0.023339739999999998
2023-07-16;0.0;-0.0734397120991449;-0.10386718630317222;-0.02810527
2023-07-23;0.0;-0.07341926699844627;-0.10383827040709157;0.04404835
2023-07-30;0.0;-0.07280327641646421;-0.10296706317178331;-0.012668637
2023-08-06;0.0;-0.07147590144344936;-0.10108973141658559;0.03548577
2023-08-13;0.0;-0.07097812900176687;-0.10038572235311022;0.04909803
2023-08-20;0.0;-0.07123923756130787;-0.10075501317171509;-0.01461779
2023-08-27;0.0;-0.07131408925602332;-0.10086087735197796;-0.003424100000000002
2023-09-03;0.0;-0.06877491460575715;-0.09726967418795358;0.044966781
2023-09-10;0.0;-0.06711009035236842;-0.09491508147583456;0.03240991
2023-09-17;0.0;-0.06632458945976925;-0.09380413257338296;0.021414083
2023-09-24;0.0;-0.06673328602501953;-0.09438215992494732;-0.01738181
2023-10-01;0.0;-0.06560110278493406;-0.09278089156255871;0.009298387000000002
2023-10-08;0.0;-0.06447195847473171;-0.09118392121669704;-0.03094523
2023-10-15;0.0;-0.06289627260973966;-0.08895539862835332;0.09412129999999999
2023-10-22;0.0;-0.062425439250435505;-0.08828949002317561;0.003869039999999999
2023-10-29;0.0;-0.06606726157428931;-0.09344018883425087;-0.004537560000000003
2023-11-05;0.0;-0.06561665357261307;-0.09280288533833546;-0.019040488
2023-11-12;0.0;-0.06499911080925778;-0.09192948282329012;-0.006702700000000002
2023-11-19;0.0;-0.06091742985270461;-0.08615668355397824;-0.02433212
2023-11-26;0.0;-0.06065062756488371;-0.08577933998681127;0.01746842
2023-12-03;0.0;-0.05898123301337555;-0.08341828341484499;-0.03437253
2023-12-10;0.0;-0.059107347985504995;-0.08359665022663346;-0.02478375
2023-12-17;0.0;-0.059428088118596116;-0.084050279117685;-0.036041319
2023-12-24;0.0;-0.05971620045383199;-0.08445776189157969;0.006482559999999999
2023-12-31;0.0;-0.060143348941304284;-0.08506188614886855;-0.00880792
2024-01-07;0.0;-0.0596500679594267;-0.08436422944270769;0.0353749
2024-01-14;0.4478585;-0.055834402796188835;-0.0789676613863745;-0.05781962
2024-01-21;0.0;-0.05616163798233118;-0.07943047635490426;-0.05615049
2024-01-28;0.0;-0.05783894772273831;-0.08180272752957929;0.012679450000000002
2024-02-04;0.0;-0.05929832323712481;-0.08386675016946156;-0.0016592399999999993
2024-02-11;0.4478585;-0.05927967013426335;-0.08384036873011948;-0.081441318
2024-02-18;0.0;-0.05457978582671328;-0.07719323266405444;-0.01879642
2024-02-25;0.0;-0.056945653401581496;-0.08053932432405064;-0.0024461100000000005
2024-03-03;0.0;-0.0569718107503498;-0.0805763191615855;-0.005289049999999998
2024-03-10;0.0;-0.05696755030581831;-0.08057029353358074;0.02616975
2024-03-17;0.0;-0.05690095738307628;-0.08047610989212554;0.02388227
2024-03-24;0.0;-0.05375291192742507;-0.0760237691287038;0.032784012
2024-03-31;0.0;-0.053500378733941624;-0.07566660661396152;-0.0031429460000000015
2024-04-07;0.0;-0.052237348010750174;-0.07388027815919782;0.04780703
2024-04-14;0.0;-0.05203621993926939;-0.07359581888948977;0.045625360000000004
2024-04-21;0.0;-0.05315624418080408;-0.07517989054819262;-0.04863086
2024-04-28;0.0;-0.05400164530824035;-0.07637555749587606;0.01543212
2024-05-05;0.0;-0.05524377241690685;-0.07813232156970454;-0.018446749
2024-05-12;0.0;-0.05520684261729018;-0.07808009104935956;0.047975168
2024-05-19;0.0;-0.055368011316400484;-0.07830803501616229;-0.019125902
2024-05-26;0.0;-0.05641392992990756;-0.0797872976709564;0.009231300000000001
2024-06-02;0.0;-0.056325302047538585;-0.07966194956559826;0.002810570000000002
2024-06-09;0.0;-0.05634667706693854;-0.07969218066344423;-0.01564082
2024-06-16;0.0;-0.05455801301230333;-0.07716243895713454;-0.028750811
2024-06-23;0.0;-0.054461531561981476;-0.07702598340074768;0.010985368
2024-06-30;0.0;-0.05413260438068384;-0.07656077541118073;0.03703195
2024-07-07;0.0;-0.054127717880365536;-0.07655386434052938;-0.0024705900000000017
2024-07-14;0.0;-0.054476859798321356;-0.07704766241791844;-0.043305659999999996
2024-07-21;0.0;-0.05403780922427596;-0.07642670481245666;0.013002733999999998
2024-07-28;0.0;-0.054117280773432926;-0.07653910294101883;-0.03247827
2024-08-04;0.0;-0.05410421995608618;-0.07652063077780016;0.0008775180000000007
2024-08-11;0.0;-0.05401969368657006;-0.07640108366177267;0.03312937
2024-08-18;0.0;-0.05275554177209669;-0.07461316948478278;0.02404829
2024-08-25;0.0;-0.05324973887307838;-0.07531212187567525;-0.027575910000000002
2024-09-01;0.0;-0.05354087228771838;-0.07572387741982374;-0.003723090000000002
2024-09-08;0.0;-0.05285595414689078;-0.07475518462266624;-0.04189566
2024-09-15;0.0;-0.052260906035840445;-0.07391359672365082;-0.003153749999999997
2024-09-22;0.0;-0.05275761482261744;-0.07461610143969517;-0.03056261
2024-09-29;0.0;-0.05265303584365467;-0.07446819339402286;0.0076336600000000004
2024-10-06;0.0;-0.05295010493201741;-0.07488834387479043;0.08819888000000001
2024-10-13;0.0;-0.05262252174161244;-0.0744250367171909;-0.04777239
2024-10-20;0.0;-0.052045613312457925;-0.07360910411644805;-0.040426501
2024-10-27;0.0;-0.05302089880368746;-0.07498846899848302;0.07187845
2024-11-03;0.4478585;-0.053676395828050706;-0.07591555094916928;-0.08720434
2024-11-10;0.0;-0.05638991587073519;-0.07975333412879837;-0.032770551999999994
2024-11-17;0.0;-0.059627922280207066;-0.08433290838597192;0.07843029
2024-11-24;0.0;-0.059810250593194385;-0.08459077879847884;0.03440306
2024-12-01;0.0;-0.06261989215717602;-0.08856450848000648;-0.01964114
2024-12-08;0.0;-0.06279398418121353;-0.08881073015187509;-0.02654681
2024-12-15;0.0;-0.06270520750719236;-0.08868517160764382;-0.010236729999999998
2024-12-22;0.0;-0.062465145383578266;-0.08834564716500849;-0.01210957
2024-12-29;0.0;-0.06246161542111531;-0.08834065467173335;0.029240179999999998
2025-01-05;0.0;-0.06248489816157674;-0.08837358389588243;0.08291588
2025-01-12;0.0;-0.06230018810170976;-0.0881123449333117;0.03265946
2025-01-19;0.0;-0.06394552921228375;-0.09043938226474273;-0.02932759
2025-01-26;0.4478585;-0.06296816056306909;-0.0890570711326156;-0.06379174
2025-02-02;0.0;-0.06332608146706571;-0.08956328549749532;0.021049560999999998
2025-02-09;0.0;-0.0650712293583525;-0.0920314814635438;-0.03514351
2025-02-16;0.0;-0.062356353211874056;-0.08819178032043982;0.020179480000000007
2025-02-23;0.0;-0.06276368563376235;-0.08876787833801478;0.0017446800000000002
2025-03-02;0.0;-0.06289943137282632;-0.08895986612726679;-0.002909484999999999
2025-03-09;0.0;-0.0628754464789636;-0.08892594383416282;-0.02021068
2025-03-16;0.0;-0.06263334759434461;-0.08858353876156987;0.01904451
2025-03-23;0.0;-0.06261130986003081;-0.08855237037337439;0.052100020000000004
2025-03-30;0.0;-0.06231107789071973;-0.08812774656972298;0.010102010000000003
2025-04-06;0.4478585;-0.0634228270170818;-0.08970011457511966;-0.07966205
2025-04-13;0.0;-0.06252587526569721;-0.08843153859622357;-0.03156357
2025-04-20;0.0;-0.06431000309510546;-0.09095486463262803;0.01218042
2025-04-27;0.0;-0.0637517195565527;-0.09016527357008998;-0.04245429
2025-05-04;0.0;-0.06371013947849725;-0.09010646607220578;0.009220510000000001
2025-05-11;0.0;-0.06429730479538293;-0.0909369051850034;-0.006277481
2025-05-18;0.0;-0.06328695932363837;-0.08950795430346146;0.043451042
2025-05-25;0.0;-0.06317358760906844;-0.08934761052402442;-0.02104472
2025-06-01;0.0;-0.063996851554803;-0.09051196843317386;-0.0012518500000000023
2025-06-08;0.0;-0.06414371028756773;-0.09071967354149085;0.02840277
2025-06-15;0.0;-0.06406444907623979;-0.09060757289773425;0.103613882
2025-06-22;0.0;-0.06411488208003181;-0.09067890125743182;0.0270726
2025-06-29;0.4478585;-0.06842963210539174;-0.09678133455851354;-0.09755627
2025-07-06;0.0;-0.06818511764101046;-0.09643551308536528;0.026730246
2025-07-13;0.0;-0.07186218215154523;-0.10163605559360511;0.04228888
2025-07-20;0.0;-0.07143522899822197;-0.10103220760113088;-0.02711399
2025-07-27;0.0;-0.07202922909498993;-0.10187231327354704;-0.03058338
2025-08-03;0.0;-0.07190462394471815;-0.10169608183162442;0.015408629999999996
2025-08-10;0.0;-0.07227525235872075;-0.1022202686704084;-0.03421798
2025-08-17;0.0;-0.07195734646506202;-0.10177064829827309;-0.011537852
2025-08-24;0.0;-0.07216296923389766;-0.10206146450422435;0.02882947
2025-08-31;0.0;-0.07193703538779828;-0.10174192195409403;-0.021952502999999998
2025-09-07;0.0;-0.07225162913771069;-0.10218685789812187;-0.034486130000000004
2025-09-14;0.0;-0.07177034672925632;-0.10150617100332737;0.008733679999999999
2025-09-21;0.0;-0.07221544177734823;-0.1021356774237824;0.007425787
